0;lucas;l@gmail.com
1;gabriel;g@gmail.com
2;alek;a@gmail.com
3;antonio;ant@gmail.com
4;ana;ana@gmail.com
5;Lanna;lanna@gmail.com
6;maria;maria@gmail.com
7;Asmodeus;deus@gmail.com
8;arthur;arthur@gmail.com
9;Chico;chico@gmail.com
10;Ena;ena@gmail.com
11;ely;ely@gmail.com
12;Edu;edu@gmail.com
13;Marx;marx@gmail.com
14;Argos;argos@gmail.com
15;gabriel;soufodao@gmail.com
